index_1;applied;develop;grants;avrg;inn_activity;doctors;nurses;tech_innovations;beds;factor_1;factor_2
,665558886301183;21364,2;0;0;10,3;8,59375;,782744985367273;1,09768473242093;2793,5514;,976129040575658;-,211966548333468;-,075889512160827
,66737641690066;67686,4;2758;83989,1;9,9;8,89411764705882;,0664094126158103;,0655263087246426;11575,5286;,664094126158102;,0243168314315264;-,856300860730749
,2532990289828;146938,6;7848;257414,5;10,8;8,33333333333333;,142395289953588;,174143467183858;42523,6459;,314338388418516;,0862610838535383;-,69005251809381
-,0410377187689221;36268;0;34090,9;9,8;20,523138832998;,231667053869134;,293183164218565;9174,0951;,981640058767518;,282609732023912;-,616050486355221
,240390063924078;52287;0;111500;10,5;14,1304347826087;,185834671593613;,310977672984687;14195,5991;,639142367619651;,0655964014677947;-,617910404839694
-,0343943156105061;27503,4;0;75569,8;11,4;8,58895705521472;,488910297337914;,584835735423201;8452,3285;,866423311738076;-,26249137545423;-,229449831576865
,345996059701927;253248,8;0;263445,3;10,9;13,1928181108509;,114521873558804;,171425673518376;19588,4335;,28570945586396;,0781489282205744;-,700658399167629
,111061729138719;73700,8;19348,6;137045;12,4;9,66981132075472;,226400034117959;,24693399070075;3737,1917;,526511707251067;-,323985881193748;-,377659381472273
-,200026045459732;56898,1;5482,9;110246,2;11,3;16,6370106761566;,0950717950505623;,107748034390637;28327,0283;,798026885727448;,132441538761502;-,538760504103845
-,0867308353631346;300080;0;170660,3;12,7;8,73080032336297;,193779186945965;,156192706719377;26776,2569;,58467858130248;-,230255001651631;-,330822207087282
,477923372036482;78523,1;39562,7;120734;11,3;18,1518151815182;,299040744462902;,384942297407969;20703,1634;,19376290137985;,12334793363964;-,501020935380812
,185548063576261;53821,2;18381,3;75392,4;10,6;17,0974155069582;,263111169198109;,32802912107542;12725,1162;,730864358883635;,130600873010462;-,527822490382945
-,00229928439705405;63494,7;0;35669,9;11,1;13,2850241545894;,335214681492964;,274542340951251;12785,642;1,63815319462625;-,0305700807506859;-,225843954932008
,160093384852406;193219,1;0;29703,1;10,7;16,6193181818182;,329033040483987;,262431186367893;10401,3478;1,20280960418617;,100666748660123;-,392364407169942
,27585411240232;0;0;83180,4;12,2;7,11111111111111;,344468500986252;,603564405186286;702,9638;,843798921724248;-,442226966733355;-,17664167467055
,0496938123027201;7951,3;0;47735,9;10,8;11,6483516483516;,514280343211634;,605588602580801;6516,2708;,913082593691674;-,127443256832747;-,287567408482102
,043296470831797;7048,3;0;30380,8;12,1;10,6086956521739;,470101314102797;,58156863600346;8112,2952;1,45392159000865;-,297272677545292;,0252471984778709
,122509774913906;0;0;33918,4;11,9;15,5172413793103;1,26804494868878;1,06095218068685;344,9434;2,23022980925163;-,253721304316814;,690323239607011
,0850773973249469;318,2;4,5;26526,7;11,8;15,3605015673981;,238374651606278;,335490250408836;18717,7371;,407478036933809;-,0801845581714538;-,454523794807156
,0835665810469722;29563,1;11825,2;71843,7;12,1;14,1779788838612;,46239517517296;,625546656946552;4717,1648;1,62355620886891;-,201515815523463;,101409629185093
-,0144381959466637;34420,6;0;31028,7;11,4;8,54700854700855;,317782806753483;,380940477551769;9316,6546;1,42935781280332;-,224203373789881;-,222827178740139
-,282256028733391;37011,1;11336,4;59495,3;10,5;5,44354838709677;,255112323404872;,27807243251131;17131,1742;,65818979438457;-,134574260334716;-,618707861483625
-,0124239013622624;0;0;30174,1;11,3;8,203125;,428665064828074;,440691739993591;975,0688;,79891485028078;-,300046014667406;-,353809593122334
-,0966658322803044;0;75939,5;15107,1;10,5;23,5795454545455;,419548691735066;,550931371819116;10461,4912;1,0510614406724;,324525566494256;-,275858180738431
,0868711907203396;22545,2;6000;23535;12,9;10,7594936708861;,729790140055784;,833132685435946;2984,6765;,63923223946492;-,473710507964491;,121976505130851
-,183475814572708;0;0;17898,1;12;6,25;,659408124362856;,670777229955319;997,5526;1,38955735018993;-,45544025603482;,0770326202340408
-,0243070926891648;1860;0;32322;11,9;13,0061349693252;,436088127977917;,521250119300203;7249,7788;,697447342725624;-,231352955368541;-,236100639235705
-,0398707744545203;47346,8;0;60051,7;11,9;15,6040268456376;,366005879809361;,492487393350392;2023,5749;,758889081246191;-,175833873346573;-,250022291610471
-,127773884298334;29475,5;0;12088,9;11,7;7,5043630017452;,335657089798305;,338393424769487;4224,1243;,966838356484247;-,332263399610347;-,319454960307391
-,0825366967823727;480216,6;0;39247;11,6;7,93650793650794;,158247743808691;,192540708606963;6081,7622;,485817001308848;-,214643513368236;-,54367131001419
-,144643706574423;177033,1;92708;103426,7;11,5;7,99200799200799;,19925802393657;,245671539552318;7127,13;2,19263849633013;-,0881545626420516;-,0369751956840976
-,208033175767734;501209,7;3257,3;368369;10,4;11,1577181208054;,201533712682846;,239372695472278;6596,9321;,551133010193904;,0763809898086545;-,638509211505613
,202774427915495;0;0;48941,8;9,9;12,6050420168067;1,01305541547599;,847201210287443;83,3109;3,3843222950636;-,00277644397650866;,508907500754476
-,0219063940812216;12202,1;0;18264,6;10,8;10,4225352112676;,524791964543867;,621828969308582;1787,1149;,792138814405837;-,192983243384651;-,319992093895955
,0976205826926206;1901,8;0;13302,4;12,7;8,91840607210626;,497501637232661;,679315871930415;2928,5211;,542729058799266;-,483055624542644;-,0911449889716055
-,139443135590416;73562;13959,4;27209,4;11,1;16,3934426229508;,614489353049775;,731449259193948;3752,3626;1,34953737858662;-,0427089132195283;-,0187920186589156
-,514123508343347;116199,6;1067;99935,6;11;15,3956834532374;,222367217308686;,186668031551198;4338,4301;1,03226561226469;,0038813159082058;-,471943009678577
-,298627228009175;600;0;96815,7;11,2;12,2950819672131;,286844067027518;,558292548536609;8328,095;,486176384792403;-,141254912893818;-,438398730966745
-,0137236702764966;0;1300;28850;11,9;17,6056338028169;,7937807694493;1,13803095577889;2826,0298;1,00267044562017;-,195204296386553;,220023060828308
-,0964082133139778;941,3;0;57751,7;11;8,24324324324324;,400388184285558;,589297849522585;2164,5777;,501530084700072;-,265262113072322;-,430593557004066
-,159773098585482;1398,1;0;73164;10,9;9,18032786885246;,634678440411648;,446385092361134;901,3553;1,50959322143947;-,211481292678267;-,13878547373997
-,276080389531984;9597,9;0;27427,7;10,5;20,8523592085236;,370473985636891;,538178258970463;10075,2074;,929996424849809;,17296417447238;-,379921864482442
-,19130203667166;16033,5;0;78348;11,3;10,9936575052854;,669397650878968;,806836754973763;5797,3308;1,48315579958412;-,214593441820576;,0742713344852427
-,169996516197437;40697,3;0;70950,3;11,3;8,13397129186603;,460696861465156;,351768536303113;154,704;,599605459607578;-,295633278971189;-,422639281983187
-,412858124547854;3724,1;8820;63509,9;10,2;16,414686825054;,63694187180189;,716401946897967;2681,1918;,756762619962641;,0407201922960929;-,317022356346414
-,200384470222908;470;14865,1;11616,7;10,2;12,2965641952984;,302228044079526;,359043759937818;4932,3203;,946928597638202;-,000824797229551176;-,537326943717605
-,165777046710994;44758;0;187574,7;11,3;7,23781388478582;,224346571001245;,17571199966531;602,1242;,251017142379015;-,280569888746773;-,664967455684987
-,38679652691417;15769,1;23;8810;11,4;5,55555555555556;,502473789499239;,710426425228324;1106,7365;,724540857517629;-,403606639450025;-,237437704141155
-,279058192735606;0;0;5945;10,5;13,3704735376045;,850476920063133;1,14830310742607;686,4172;1,91118409002951;-,114601153693881;,25789312499513
-,256642422714596;47864;0;26936,8;10,3;2,24;,0926257030839518;,135227071749741;672,4478;,580927754533496;-,277651930550047;-,819577564911187
-,391682551759304;908,7;0;25516,6;10,8;30,4;,453872912307493;,544811347805926;6139,9587;1,0076961771448;,345495653526554;-,257213285958907
-,38733188788899;104,2;38,8;10478;10,1;7,35294117647059;,74736320917762;,681968928374578;243,048;1,43867417766692;-,190625953643404;-,158674549499395
-,218828564474198;0;0;2809,4;12,6;5,83153347732181;,673669895455247;,585526170816242;685,3478;1,25919606627149;-,546985562215248;,104634369005647
-,472338702376959;434;0;40429,8;12,1;6,80473372781065;,348363049141534;,563677820039508;4263,9886;,406254284713159;-,43313773078571;-,321438694229961
-,220518867870919;1187,5;0;4771;11,4;9,58904109589041;,481344325938872;,552972945870252;36,1252;2,36374445773553;-,254623494540521;,140652580332508
-,37972746158528;16856,7;0;13819,2;10,9;8,78552971576227;,78099835416731;,80158964787417;905,3199;1,54434702801446;-,259317917612383;,0545861284156883
-,416753570670454;0;0;11255,2;11,3;10,2564102564103;,394334042442796;,320540537424261;326,0335;,668753639230472;-,248599341910951;-,442412926186825
-,203268479542181;4173,6;0;3250;10,9;8,17307692307692;,686400125513166;,647177261198128;343,5999;1,30742881050127;-,271637468369407;-,106153449668529
-,276777966805154;0;0;10325;9,3;,178890876565295;,214601338839845;,264334347523364;13,1687;1,32167173761682;-,208488771024201;-,691262298518657
-,69011657190766;68956,1;16,5;4400;12,1;10,7394366197183;,589697858072964;,640243388764932;820,7933;,649871108896735;-,362101517059816;-,125343475196353
-,47963685577109;1533,9;0;115762;11,1;6,45161290322581;,713141128910999;,691660974425728;12,896;2,06209483058602;-,310224510168922;,153967493925257
-,323336314674857;0;0;0;11,4;5,63380281690141;1,33877178722356;1,87575167990114;18,1543;3,31015002335495;-,470401474443056;1,2008207792738
-,733522330333088;0;0;1524;9,6;6,56934306569343;1,91778575463275;1,53058435524134;28,4962;1,36659317432263;-,281120706626706;,506850119825698
-,381630033433129;0;0;0;8,9;10,5263157894737;,53959663658067;,515703058577098;345,30105;1,39379205020837;,0671433993618682;-,485764686739169
-,80619630063435;0;0;6838,5;10,8;1,98019801980198;1,19667508430423;1,16905950543567;21,5878;1,99445847384038;-,463615439145675;,432721831959517
